{"duration": 0.8308897018432617, "input_args": {}, "time": 1711380269.03699}